<?xml version="1.0" encoding="UTF-8"?>
<beans xmlns="http://www.springframework.org/schema/beans"
	xmlns:xsi="http://www.w3.org/2001/XMLSchema-instance"
	xmlns:context="http://www.springframework.org/schema/context"
	xsi:schemaLocation="http://www.springframework.org/schema/beans http://www.springframework.org/schema/beans/spring-beans.xsd
		http://www.springframework.org/schema/context http://www.springframework.org/schema/context/spring-context-4.3.xsd">

	<context:property-placeholder location="classpath:server1.properties,classpath:server2.properties"/>
	
	<bean id="serverConnection" class="com.javalec.ex.ServerConnection">
	
		<property name="auth" value="${auth}" />
		
		<property name="driverClassName" value="${driverClassName}" />
		
		<property name="url" value="${url}" />
		
		<property name="username1" value="${username1}" />
		
		<property name="password" value="${password}" />
		
		<property name="name" value="${name}" />
		
		<property name="type" value="${type}" />
		
		<property name="maxAction" value="${maxAction}" />
		
		<property name="maxWait" value="${maxWait}" />
		
	</bean>


</beans>
