<?xml version="1.0" encoding="UTF-8"?>
<beans xmlns="http://www.springframework.org/schema/beans"
	xmlns:xsi="http://www.w3.org/2001/XMLSchema-instance"
	xmlns:aop="http://www.springframework.org/schema/aop"
	xsi:schemaLocation="http://www.springframework.org/schema/beans http://www.springframework.org/schema/beans/spring-beans.xsd
		http://www.springframework.org/schema/aop http://www.springframework.org/schema/aop/spring-aop-4.3.xsd">

	<bean id="logAop" class="com.javalec.ex.LogAop" />
	<aop:config>
		<aop:aspect id="aspLog" ref="logAop">
			<aop:pointcut id="AopExAll" expression="within(com.javalec.ex.Noticeboard)"/>
			<aop:around pointcut-ref="AopExAll" method="loggerAop"/>
		</aop:aspect>
		<aop:aspect id="aspLog" ref="logAop">
			<aop:pointcut expression="within(com.javalec.ex.Eventboard)" id="AopExBefore"/>
			<aop:before pointcut-ref="AopExBefore" method="beforeadvice"/>
		</aop:aspect>
		<aop:aspect id="aspLog" ref="logAop">
			<aop:pointcut expression="within(com.javalec.ex.Join)" id="AopExAfter"/>
			<aop:after pointcut-ref="AopExAfter" method="afteradvice"/>
		</aop:aspect>
	</aop:config>


	<bean id="noticeboard" class="com.javalec.ex.Noticeboard">
		<property name="n_num" value="1001"/>
		<property name="n_title" value="관리자테스트"/>
		<property name="n_content" value="테스트입니다."/>
		<property name="n_date" value="2020-05-28"/>
		<property name="n_auth" value="홍길동"/>
	</bean>
	<bean id="eventboard" class="com.javalec.ex.Eventboard">
		<property name="e_num" value="1002"/>
		<property name="e_title" value="이벤트테스트"/>
		<property name="e_content" value="테스트입니다."/>
		<property name="e_start" value="2020-05-20"/>
		<property name="e_end" value="2020-05-29"/>
	</bean>
	<bean id="join" class="com.javalec.ex.Join">
		<property name="j_num" value="1003"/>
		<property name="j_id" value="admin"/>
		<property name="j_pw" value="1111"/>
		<property name="j_name" value="홍길동"/>
		<property name="j_date" value="2020-05-01"/>
	</bean>






</beans>
