<?xml version="1.0" encoding="UTF-8"?>
<beans xmlns="http://www.springframework.org/schema/beans"
	xmlns:xsi="http://www.w3.org/2001/XMLSchema-instance"
	xsi:schemaLocation="http://www.springframework.org/schema/beans http://www.springframework.org/schema/beans/spring-beans.xsd">
	
	<bean id="bmiCalculator" class="com.javalec.ex.BMICalculator">
		<property name="lowWeight" value="18.5" />
		<property name="normal" value="23" />
		<property name="overWeight" value="25" />
		<property name="obesity" value="30" />
	</bean>
	
	<bean id="myInfo" class="com.javalec.ex.MyInfo">
		<property name="name" value="홍길동" />
		<property name="height" value="167" />
		<property name="weight" value="64" />
		<property name="hobbys">
			<list>
				<value>수영</value>
				<value>요리</value>
				<value>자전거</value>
			</list>
		</property>
		<property name="bmiCalculator">
			<ref bean="bmiCalculator" />
		</property>
	
	</bean>



</beans>
