<?xml version="1.0" encoding="UTF-8"?>
<beans xmlns="http://www.springframework.org/schema/beans"
	xmlns:xsi="http://www.w3.org/2001/XMLSchema-instance"
	xsi:schemaLocation="http://www.springframework.org/schema/beans http://www.springframework.org/schema/beans/spring-beans.xsd">
	<!-- student -->
	<bean id="student1" class="com.javalec.ex.Student">
		<constructor-arg value="1001"/>
		<constructor-arg value="홍길동"/>
		<constructor-arg value="컴퓨터"/>
		<constructor-arg value="서울시" />
		<constructor-arg value="010-1111-1111"/>
	</bean>
	
	<bean id="student2" class="com.javalec.ex.Student">
		<constructor-arg value="1002"/>
		<constructor-arg value="김유신"/>
		<constructor-arg value="영문학"/>
		<constructor-arg value="경남시" />
		<constructor-arg value="010-2222-2222"/>
	</bean>
	<!-- score -->
	<bean id="student3" class="com.javalec.ex.Student">
		<constructor-arg value="1003"/>
		<constructor-arg value="유관순"/>
		<constructor-arg value="국문학"/>
		<constructor-arg value="경기도" />
		<constructor-arg value="010-3333-3333"/>
	</bean>
	
	<bean id="stu_score1" class="com.javalec.ex.Stu_score">
		<constructor-arg value="1001" />
		<constructor-arg value="70" />
		<constructor-arg value="80" />
		<constructor-arg value="60" />
	</bean>
	<bean id="stu_score2" class="com.javalec.ex.Stu_score">
		<constructor-arg value="1002" />
		<constructor-arg value="50" />
		<constructor-arg value="80" />
		<constructor-arg value="90" />
	</bean>
	<bean id="stu_score3" class="com.javalec.ex.Stu_score">
		<constructor-arg value="1003" />
		<constructor-arg value="50" />
		<constructor-arg value="50" />
		<constructor-arg value="90" />
	</bean>
	
	<bean id="stuInfo" class="com.javalec.ex.Stu_Info">
		<property name="list">
			<list>
				<ref bean="student1"/> <!-- 리스트의 각각의 요소 -->
				<ref bean="student2"/>
				<ref bean="student3"/>
			</list>
		</property>
	</bean>

</beans>
