<?xml version="1.0" encoding="UTF-8"?>
<beans xmlns="http://www.springframework.org/schema/beans"
	xmlns:xsi="http://www.w3.org/2001/XMLSchema-instance"
	xmlns:aop="http://www.springframework.org/schema/aop"
	xsi:schemaLocation="http://www.springframework.org/schema/beans http://www.springframework.org/schema/beans/spring-beans.xsd
		http://www.springframework.org/schema/aop http://www.springframework.org/schema/aop/spring-aop-4.3.xsd">
	
	<bean id="logAop" class="com.javalec.ex.LogAop" />
	
	<!-- AOP XML 선언 -->
	<aop:config>
		<aop:aspect id="aspLog" ref="logAop">
			<aop:pointcut id="AopExAll" expression="execution(public void stu*(..))"/>
			<aop:before pointcut-ref="AopExAll" method="beforeadvice"/>
		</aop:aspect>
	</aop:config>

	<bean id="student" class="com.javalec.ex.Student">
		<property name="stuNum" value="1001"/>
		<property name="stuName" value="홍길동"/>
		<property name="major" value="컴퓨터"/>
		<property name="tel" value="010-1111-1111"/>
		<property name="address" value="서울"/>
		<property name="email" value="hong@naver.com"/>
	</bean>
	
	<bean id="studentScore" class="com.javalec.ex.StudentScore">
		<property name="stuNum" value="1001" />
		<property name="kor" value="100" />
		<property name="eng" value="100" />
		<property name="math" value="100" />
		<property name="total" value="300" />
		<property name="avg" value="100" />
	</bean>
	
	<bean id="doctorRecord" class="com.javalec.ex.DoctorRecord">
		<property name="memberNum" value="2001" />
		<property name="memName" value="김유신" />
		<property name="doctor" value="홍닥터" />
		<property name="date" value="2020/05/19" />
	</bean>
	



</beans>
