<?xml version="1.0" encoding="UTF-8"?>
<beans xmlns="http://www.springframework.org/schema/beans"
	xmlns:xsi="http://www.w3.org/2001/XMLSchema-instance"
	xsi:schemaLocation="http://www.springframework.org/schema/beans http://www.springframework.org/schema/beans/spring-beans.xsd">

	<bean id="student2" class="com.javalec.ex.Student">
		<constructor-arg value="홍길동" />
		<constructor-arg value="30" />
		<constructor-arg>
			<list>
				<value>웹툰</value>
				<value>게임</value>
			</list>
		</constructor-arg>
		<property name="height" value="177"/>
		<property name="weight" value="65" />
	</bean>

</beans>
