<?xml version="1.0" encoding="UTF-8"?>
<beans xmlns="http://www.springframework.org/schema/beans"
	xmlns:xsi="http://www.w3.org/2001/XMLSchema-instance"
	xsi:schemaLocation="http://www.springframework.org/schema/beans http://www.springframework.org/schema/beans/spring-beans.xsd">
	
	<bean id="stu_process" class="com.javalec.ex.Stu_process" />
	<bean id="stu_score" class="com.javalec.ex.Stu_score">
		<property name="stu_num" value="1001" />
		<property name="stu_name" value="홍길동" />
		<property name="kor" value="70" />
		<property name="eng" value="70" />
		<property name="math" value="70" />
		<property name="total" value="210" />
		<property name="avg" value="70" />
		<property name="stu_process">
			<ref bean="stu_process" />
		</property>
		
		
	
	
	</bean>
	


</beans>
