<?xml version="1.0" encoding="UTF-8"?>
<!DOCTYPE mapper
    PUBLIC "-//mybatis.org//DTD Mapper 3.0//EN"
    "http://mybatis.org/dtd/mybatis-3-mapper.dtd">
<!-- 인터페이스 위치 -->
<mapper namespace="com.javalec.ex.dao.IDao">

	<!-- 전체 리스트 얻기 -->
    <select id="list" resultType="com.javalec.ex.dto.BDto">
        select * from mvc_board order by bGroup desc,bStep asc
    </select>
    <!-- 신규글 삽입(변수로 받을수도 있고, 파람으로 받을수도 있음 -->
    <insert id="insert">
    	insert into mvc_board(bId,bName,bTitle,bContent,bHit,bGroup,bStep,bIndent)
		values(mvc_board_seq.nextval,#{bName},#{bTitle},#{bContent},0,mvc_board_seq.currval,0,0)
    </insert>

    <!-- <update id="">
    
    </update>
    
    <delete id="">
    
    </delete>  -->

</mapper>
