<?xml version="1.0" encoding="UTF-8"?>
<beans xmlns="http://www.springframework.org/schema/beans"
	xmlns:xsi="http://www.w3.org/2001/XMLSchema-instance"
	xmlns:aop="http://www.springframework.org/schema/aop"
	xsi:schemaLocation="http://www.springframework.org/schema/beans http://www.springframework.org/schema/beans/spring-beans.xsd
		http://www.springframework.org/schema/aop http://www.springframework.org/schema/aop/spring-aop-4.3.xsd">

	<!-- 어노테이션 방식 -->
	
	<aop:aspectj-autoproxy />
	<bean id="logAop" class="com.javalec.ex.LogAop" />
	
	<!-- xml방식 -->
	
	<!-- 
	<aop:config>
		<aop:aspect id="logger" ref="logAop">
			<aop:pointcut id="aopPoint" expression="within(com.javalec.ex.*)" />
			<aop:around pointcut-ref="aopPoint" method="loggerAop"/>
		</aop:aspect>
		<aop:aspect id="logger" ref="logAop">
			<aop:pointcut id="aopPoint" expression="within(com.javalec.ex.*)" />
			<aop:before pointcut-ref="aopPoint" method="beforeadvice"/>
		</aop:aspect>
		<aop:aspect id="logger" ref="logAop">
			<aop:pointcut id="aopPoint" expression="within(com.javalec.ex.*)" />
			<aop:after pointcut-ref="aopPoint" method="afteradvice"/>
		</aop:aspect>
	</aop:config>
	 -->
	 
	<bean id="book" class="com.javalec.ex.Book">
		<property name="b_num" value="101" />
		<property name="b_name" value="소나기" />
		<property name="b_category" value="소설" />
		<property name="b_auth" value="황순원" />
	</bean>
	<bean id="rental" class="com.javalec.ex.Rental">
		<property name="r_num" value="1002" />
		<property name="r_name" value="홍길동" />
		<property name="r_book" value="소나기" />
		<property name="r_date" value="2020-04-06" />
		<property name="r_tel" value="010-1111-1111" />
	</bean>



</beans>
