<?xml version="1.0" encoding="UTF-8"?>
<beans xmlns="http://www.springframework.org/schema/beans"
	xmlns:xsi="http://www.w3.org/2001/XMLSchema-instance"
	xmlns:aop="http://www.springframework.org/schema/aop"
	xsi:schemaLocation="http://www.springframework.org/schema/beans http://www.springframework.org/schema/beans/spring-beans.xsd
		http://www.springframework.org/schema/aop http://www.springframework.org/schema/aop/spring-aop-4.3.xsd">

	<bean id="logAop" class="com.javalec.ex.LogAop" />
	
	<aop:config>
		<aop:aspect id="logger" ref="logAop">
			<aop:pointcut expression="within(com.javalec.ex.*)" id="publicM"/>
			<aop:around pointcut-ref="publicM" method="loggerAop"/>
		</aop:aspect>
	</aop:config>
	<bean id="studentInfo" class="com.javalec.ex.StudentInfo">
		<property name="stuNum" value="1001"/>
		<property name="stuName" value="홍길동"/>
		<property name="stuMajor" value="컴퓨터공학"/>
		<property name="stuAddress" value="서울"/>
		<property name="stuTel" value="010-1111-1111"/>
	</bean>
	<bean id="studentScore" class="com.javalec.ex.StudentScore">
		<constructor-arg value="1001"/>
		<constructor-arg value="90"/>
		<constructor-arg value="80"/>
		<constructor-arg value="80"/>
	</bean>
	<bean id="" class="com.javalec.ex.BookLoan">
		<property name="stuNum" value="1001" />
		<property name="bookNum" value="b001" />
		<property name="bookName" value="소나기" />
		<property name="category" value="소설" />
		<property name="loandate" value="20/05/01" />
		<property name="returndate" value="20/05/19" />
		<property name="latedate" value="11일" />
	</bean>



</beans>
