<?xml version="1.0" encoding="UTF-8"?>
<beans xmlns="http://www.springframework.org/schema/beans"
	xmlns:xsi="http://www.w3.org/2001/XMLSchema-instance"
	xsi:schemaLocation="http://www.springframework.org/schema/beans http://www.springframework.org/schema/beans/spring-beans.xsd">


	<bean id="calculator" class="com.javalec.ex.Calculator" />
	<bean id="temperature" class="com.javalec.ex.Temperature">
		<property name="nature" value="한국" />
		<property name="temp" value="30" />
		<property name="calculator">
			<ref bean="calculator"/>
		</property>
	</bean>

</beans>
