<?xml version="1.0" encoding="UTF-8"?>
<beans xmlns="http://www.springframework.org/schema/beans"
	xmlns:xsi="http://www.w3.org/2001/XMLSchema-instance"
	xsi:schemaLocation="http://www.springframework.org/schema/beans http://www.springframework.org/schema/beans/spring-beans.xsd">

	<bean id="member1" class="com.javalec.ex.Member">
		<constructor-arg value="1001" />
		<constructor-arg value="홍길동" />
		<constructor-arg value="34" />
		<constructor-arg value="남" />
		<constructor-arg value="010-1111-1111" />
		<constructor-arg value="서울" />
		<constructor-arg value="13년도 허리수술" />
	</bean>
	<bean id="member2" class="com.javalec.ex.Member">
		<constructor-arg value="1002" />
		<constructor-arg value="김유신" />
		<constructor-arg value="30" />
		<constructor-arg value="남" />
		<constructor-arg value="010-2222-2222" />
		<constructor-arg value="부산" />
		<constructor-arg value="17년도 암수술" />
	</bean>
	<bean id="member3" class="com.javalec.ex.Member">
		<constructor-arg value="1003" />
		<constructor-arg value="유관순" />
		<constructor-arg value="27" />
		<constructor-arg value="여" />
		<constructor-arg value="010-3333-3333" />
		<constructor-arg value="인천" />
		<constructor-arg value="11년도 머리수술" />
	</bean>
	<bean id="member_all" class="com.javalec.ex.Member_all">
		<constructor-arg>
			<list>
				<ref bean="member1"/>
				<ref bean="member2"/>
				<ref bean="member3"/>
			</list>
		</constructor-arg>
	</bean>
	<bean id="medical_record1" class="com.javalec.ex.Medical_record">
		<constructor-arg value="1002"/>
		<constructor-arg value="20/03/06"/>
		<constructor-arg value="감기증상 치료"/>
		<constructor-arg value="또치"/>
		<constructor-arg value="마이콜"/>
		<constructor-arg value="20/04/06"/>
	</bean>
	<bean id="medical_record2" class="com.javalec.ex.Medical_record">
		<constructor-arg value="1003"/>
		<constructor-arg value="20/05/07"/>
		<constructor-arg value="어지러움 치료"/>
		<constructor-arg value="희동"/>
		<constructor-arg value="또치"/>
		<constructor-arg value="20/05/31"/>
	</bean>



</beans>
