<?xml version="1.0" encoding="UTF-8"?>
<!DOCTYPE mapper
    PUBLIC "-//mybatis.org//DTD Mapper 3.0//EN"
    "http://mybatis.org/dtd/mybatis-3-mapper.dtd">

<mapper namespace="com.javalec.ex.dao.IDao">
    <select id="list" resultType="com.javalec.ex.dto.BDto">
        select * from (select rownum rnum,bId,bName,bTitle,bContent,bDate,bHit,bGroup,bStep,bIndent from (select * from mvc_board order by bGroup desc,bid asc)) where rnum between 1 and 10
    </select>
    
    <select id="getlistCount" resultType="int">
    	select count(*) as count from mvc_board
    </select>
    
    <insert id="write">
    	insert into mvc_board values
		(mvc_board_seq.nextval , #{param1}, #{param2}, #{param3},
		sysdate, 0, mvc_board_seq.currval, 0, 0)
    </insert>


	<!-- 뷰페이지 -->
	<select id="contentView" resultType="com.javalec.ex.dto.BDto">
		select * from mvc_board where bid=#{param1}
	</select>

	<!-- 뷰페이지 들어갈때 조회수1 증가 -->
	<update id="upHit">
		update mvc_board set bHit=bHit+1 where bId=#{param1}
	</update>

	<!-- 수정 뷰페이지 -->
	<select id="modifyView" resultType="com.javalec.ex.dto.BDto">
		select * from mvc_board where bId=#{param1}
	</select>
	
	<!-- 수정 -->
	<update id="modify">
		update mvc_board set bTitle=#{param2}, bContent=#{param3} where bId=#{param1}
	</update>
	
	
	<!-- 삭제 -->
	<delete id="delete">
		delete from mvc_board where bId=#{param1}
	</delete>
	
	<!-- 답글페이지 -->
	<select id="reply_view" resultType="com.javalec.ex.dto.BDto">
		select * from mvc_board where bId=#{param1}
	</select>
	
	<!-- 답글 -->
	<insert id="reply">
		insert into mvc_board values(mvc_board_seq.nextval,#{param2},
		#{param3},#{param4},sysdate,0,#{param5},#{param6}+1,#{param7}+1)
	</insert>
	
	<!-- 답글입력시 bStep 1씩증가 -->
	<update id="replyshape">
		update mvc_board set bStep=bStep+1 where bGroup=#{param1} and bStep > #{param2}
	</update>

</mapper>
