<?xml version="1.0" encoding="UTF-8"?>
<beans xmlns="http://www.springframework.org/schema/beans"
	xmlns:xsi="http://www.w3.org/2001/XMLSchema-instance"
	xmlns:aop="http://www.springframework.org/schema/aop"
	xsi:schemaLocation="http://www.springframework.org/schema/beans http://www.springframework.org/schema/beans/spring-beans.xsd
		http://www.springframework.org/schema/aop http://www.springframework.org/schema/aop/spring-aop-4.3.xsd">

	<bean id="logAop" class="com.javalec.ex.LogAop" />
	<!-- proxy(대행) 설정 -->
	<aop:config>
		<aop:aspect id="logger" ref="logAop"> <!-- 공통기능을 설정해줌 -->
			<!-- 어느 범위까지 적용되는지 정의 (여기서는 패키지 전체에 있는 메소드) -->
			<aop:pointcut id="publicM" expression="within(com.javalec.ex.*)"/> 
			<!-- 어느 메소드를 적용시킬것인지 입력(처음,끝 둘다 적용되는 메소드의 경우 // 처음만일경우 before) -->
			<aop:around pointcut-ref="publicM" method="loggerAop"/> 
		</aop:aspect>
	</aop:config>
	
	<bean id="student" class="com.javalec.ex.Student">
		<property name="name" value="홍길동" />
		<property name="age" value="20" />
		<property name="gradeNum" value="1" />
		<property name="classNum" value="1" />
	</bean>
	
	<bean id="worker" class="com.javalec.ex.Worker">
		<property name="name" value="김유신" />
		<property name="age" value="30" />
		<property name="job" value="프로그래머" />
	</bean>



</beans>
