<?xml version="1.0" encoding="UTF-8"?>
<beans xmlns="http://www.springframework.org/schema/beans"
	xmlns:xsi="http://www.w3.org/2001/XMLSchema-instance"
	xmlns:aop="http://www.springframework.org/schema/aop"
	xsi:schemaLocation="http://www.springframework.org/schema/beans http://www.springframework.org/schema/beans/spring-beans.xsd
		http://www.springframework.org/schema/aop http://www.springframework.org/schema/aop/spring-aop-4.3.xsd">


	<aop:aspectj-autoproxy /> <!-- logAop가 오토프록시라는 것을 선언함 -->
	<bean id="logAop" class="com.javalec.ex.LogAop" />
	
	<bean id="student" class="com.javalec.ex.Student">
		<property name="stuNum" value="1001"/>
		<property name="name" value="홍길동"/>
		<property name="gradeNum" value="1학년"/>
		<property name="classNum" value="A반"/>
	</bean>
	
	<bean id="worker" class="com.javalec.ex.Worker">
		<property name="name" value="김유신"/>
		<property name="age" value="30"/>
		<property name="job" value="프로그래머"/>
	</bean>


</beans>
